,high_risk_days,percentage
children,1072.0,31.678486997635936
elderly,1072.0,31.678486997635936
asthma_patients,1072.0,31.678486997635936
heart_disease_patients,1072.0,31.678486997635936
