{
  "features": [
    "aqi_rolling_3h_mean",
    "aqi_rolling_3h_max",
    "pm25_rolling_3h_mean",
    "pm25_rolling_6h_mean",
    "pm25",
    "aqi_lag_1h",
    "aqi_rolling_6h_min",
    "pm25_rolling_12h_max",
    "pm25_lag_1h",
    "pm25_rolling_3h_min",
    "pm10",
    "aqi_rolling_6h_mean",
    "pm25_rolling_24h_max",
    "pm10_rolling_3h_min",
    "aqi_rolling_3h_min",
    "pm25_rolling_6h_min",
    "aqi_lag_3h",
    "pm25_rolling_6h_max",
    "pm10_rolling_6h_max",
    "total_pm"
  ],
  "importance": [
    0.47758978605270386,
    0.15239723026752472,
    0.09679760783910751,
    0.05019891634583473,
    0.03389272838830948,
    0.021997006610035896,
    0.012923436239361763,
    0.01201942004263401,
    0.012002761475741863,
    0.011633601039648056,
    0.011459593661129475,
    0.007711031474173069,
    0.006922631058841944,
    0.006864005234092474,
    0.006825915537774563,
    0.005134647246450186,
    0.004453427158296108,
    0.0033470618072897196,
    0.0028729038313031197,
    0.0018886207835748792
  ],
  "importance_pct": [
    50.19548034667969,
    16.017202377319336,
    10.173589706420898,
    5.275989532470703,
    3.5621821880340576,
    2.311922073364258,
    1.3582746982574463,
    1.263261079788208,
    1.2615102529525757,
    1.2227108478546143,
    1.2044223546981812,
    0.8104422092437744,
    0.7275800704956055,
    0.7214183807373047,
    0.7174150943756104,
    0.5396599769592285,
    0.4680626094341278,
    0.35178178548812866,
    0.3019469678401947,
    0.19849717617034912
  ]
}